{"modules_count": 2235631, "since": "2026-01-17T15:35:09.385888Z", "batch_count": 20578, "total_entries": 41154907, "timestamp": 1768664114.4678001}